{
  "weatherinfo": [
    {
      "code": 100,
      "wea": "晴",
      "original_code": 0
    },
    {
      "code": 101,
      "wea": "多云",
      "original_code": 1
    },
    {
      "code": 102,
      "wea": "少云",
      "original_code": 1
    },
    {
      "code": 103,
      "wea": "晴间多云",
      "original_code": 1
    },
    {
      "code": 104,
      "wea": "阴",
      "original_code": 2
    },
    {
      "code": 150,
      "wea": "晴",
      "original_code": 0
    },
    {
      "code": 151,
      "wea": "多云",
      "original_code": 1
    },
    {
      "code": 152,
      "wea": "少云",
      "original_code": 1
    },
    {
      "code": 153,
      "wea": "晴间多云",
      "original_code": 1
    },
    {
      "code": 300,
      "wea": "阵雨",
      "original_code": 3
    },
    {
      "code": 301,
      "wea": "强阵雨",
      "original_code": 3
    },
    {
      "code": 302,
      "wea": "雷阵雨",
      "original_code": 4
    },
    {
      "code": 303,
      "wea": "强雷阵雨",
      "original_code": 4
    },
    {
      "code": 304,
      "wea": "雷阵雨伴有冰雹",
      "original_code": 5
    },
    {
      "code": 305,
      "wea": "小雨",
      "original_code": 7
    },
    {
      "code": 306,
      "wea": "中雨",
      "original_code": 8
    },
    {
      "code": 307,
      "wea": "大雨",
      "original_code": 9
    },
    {
      "code": 308,
      "wea": "极端降雨",
      "original_code": 10
    },
    {
      "code": 309,
      "wea": "毛毛雨/细雨",
      "original_code": 7
    },
    {
      "code": 310,
      "wea": "暴雨",
      "original_code": 10
    },
    {
      "code": 311,
      "wea": "大暴雨",
      "original_code": 11
    },
    {
      "code": 312,
      "wea": "特大暴雨",
      "original_code": 12
    },
    {
      "code": 313,
      "wea": "冻雨",
      "original_code": 19
    },
    {
      "code": 400,
      "wea": "小雪",
      "original_code": 14
    },
    {
      "code": 401,
      "wea": "中雪",
      "original_code": 15
    },
    {
      "code": 402,
      "wea": "大雪",
      "original_code": 16
    },
    {
      "code": 403,
      "wea": "暴雪",
      "original_code": 17
    },
    {
      "code": 404,
      "wea": "雨夹雪",
      "original_code": 6
    },
    {
      "code": 405,
      "wea": "雨雪天气",
      "original_code": 6
    },
    {
      "code": 406,
      "wea": "阵雨夹雪",
      "original_code": 3
    },
    {
      "code": 407,
      "wea": "阵雪",
      "original_code": 13
    },
    {
      "code": 408,
      "wea": "小到中雪",
      "original_code": 14
    },
    {
      "code": 409,
      "wea": "中到大雪",
      "original_code": 15
    },
    {
      "code": 410,
      "wea": "大到暴雪",
      "original_code": 17
    },
    {
      "code": 500,
      "wea": "薄雾",
      "original_code": 18
    },
    {
      "code": 501,
      "wea": "雾",
      "original_code": 18
    },
    {
      "code": 502,
      "wea": "霾",
      "original_code": 53
    },
    {
      "code": 503,
      "wea": "扬沙",
      "original_code": 30
    },
    {
      "code": 507,
      "wea": "沙尘暴",
      "original_code": 20
    },
    {
      "code": 508,
      "wea": "强沙尘暴",
      "original_code": 31
    },
    {
      "code": 509,
      "wea": "浓雾",
      "original_code": 18
    },
    {
      "code": 900,
      "wea": "热"
    },
    {
      "code": 901,
      "wea": "冷"
    },
    {
      "code": 999,
      "wea": "未知",
      "original_code": 99
    }
  ]
}
