{
  "subject_icon": {
    "语文": "chinese",
    "数学": "math",
    "英语": "abc",
    "生物": "biology",
    "地理": "geography",
    "政治": "chinese",
    "历史": "history",
    "物理": "physics",
    "化学": "chemistry",
    "美术": "art",
    "音乐": "music",
    "体育": "pe",
    "信息技术": "it",
    "电脑": "it",
    "课程表未加载": "xmark",
    "班会": "meeting",
    "自习": "self_study",
    "课间": "break",
    "大课间": "pe",
    "放学": "after_school",
    "暂无课程": "break"
  },
  "subject_abbreviation": {
    "历史": "史",
    "升旗": "旗",
    "暂无课程": "无"
  },
  "subject_list": [
    "语文",
    "数学",
    "英语",
    "政治",
    "历史",
    "生物",
    "地理",
    "物理",
    "化学",
    "体育",
    "升旗",
    "班会",
    "自习",
    "早读",
    "大课间",
    "美术",
    "音乐",
    "信息技术"
  ]
}
