{
    "part": {

    },
    "part_name": {

    },
    "timeline": {
            "default": {

            },
            "0": {

            },
            "1": {

            },
            "2": {

            },
            "3": {

            },
            "4": {

            },
            "5": {

            },
            "6": {

            }
        },
    "schedule": {
        "0": [

        ],
        "1": [

        ],
        "2": [

        ],
        "3": [

        ],
        "4": [

        ],
        "5": [

        ],
        "6": [

        ]
    },
    "schedule_even": {
        "0": [

        ],
        "1": [

        ],
        "2": [

        ],
        "3": [

        ],
        "4": [

        ],
        "5": [

        ],
        "6": [

        ]
    },
    "url": "local"
}