{
  "General": {
    "schedule": "新课表 - 1.json",
    "pin_on_top": "1",
    "margin": "10",
    "opacity": "95",
    "auto_startup": "0",
    "hide": "0",
    "hide_method": "0",
    "color_mode": "2",
    "enable_alt_schedule": "0",
    "blur_floating_countdown": "1",
    "blur_countdown": "0",
    "theme": "default",
    "scale": "1",
    "excluded_lesson": "0",
    "excluded_lessons": "",
    "enable_click": "1",
    "enable_display_full_next_lessons": "1",
    "language_view": "system"
  },
  "Toast": {
    "wave": "1",
    "pin_on_top": "1",
    "ringtone": "1",
    "prepare_minutes": "2",
    "attend_class": "1",
    "finish_class": "1",
    "prepare_class": "1",
    "after_school": "1"
  },
  "TTS": {
    "enable": "0",
    "engine": "edge",
    "language": "zh-CN",
    "voice_id": "",
    "speed": "50",
    "attend_class": "活动开始, {lesson_name}",
    "finish_class": "活动结束, 下一节课 {lesson_name}",
    "prepare_class": "活动即将开始, 下一节课 {lesson_name}",
    "after_school": "活动全部结束",
    "otherwise": ""
  },
  "Weather": {
    "city": "0",
    "api": "xiaomi_weather",
    "api_key": ""
  },
  "Color": {
    "floating_time": "959595",
    "attend_class": "DD986F",
    "finish_class": "46B878",
    "prepare_class": "7065D8"
  },
  "Plugin": {
    "version": "2",
    "mirror": "gh_proxy",
    "auto_delay": "5",
    "auto_enable_plugin": "1"
  },
  "Time": {
    "time_offset": "0",
    "type": "ntp",
    "ntp_server": "ntp.aliyun.com",
    "timezone": "local",
    "enable_ntp_auto_refresh": "1",
    "ntp_auto_refresh": "10",
    "switch_enable_ntp_auto_sync": "1"
  },
  "Date": {
    "start_date": "",
    "cd_text_custom": "自定义",
    "countdown_date": "",
    "countdown_upd_cd": 30,
    "countdown_custom_mode": 1
  },
  "Audio": {
    "volume": "75",
    "attend_class": "attend_class.wav",
    "finish_class": "finish_class.wav",
    "prepare_class": "prepare_class.wav"
  },
  "Temp": {
    "set_week": "",
    "temp_schedule": "",
    "set_schedule": ""
  },
  "Version": {
    "version": "v1.1.7.2",
    "version_channel": "0",
    "auto_check_update": "1",
    "cses_version": "1",
    "build_time": "__BUILD_TIME__",
    "build_commit": "__BUILD_COMMIT__",
    "build_branch": "__BUILD_BRANCH__",
    "build_runid": "__BUILD_RUNID__",
    "build_type": "__BUILD_TYPE__"
  },
  "Other": {
    "do_not_log": "0",
    "safe_mode": "0",
    "safe_plugin": "1",
    "initialstartup": "1",
    "multiple_programs": "0"
  }
}
